Model,Time taken,Prediction Time,Optimal Parameters,Accuracy,Precision,Recall,F1,ROC-AUC
tabnet,1316.3882110118866,3.0242936611175537,"{'gamma': 1.0, 'lambda_sparse': 0, 'momentum': 0.4, 'n_steps': 8, 'optimizer_params': {'lr': 0.025}, 'verbose': 0}",0.9469789509090587,0.9320624272708604,0.9642389264596537,0.9478776909556047,0.9469792564602475
svm,1238.1413888931274,67.78855872154236,"{'C': 1000, 'gamma': 1}",0.9522545010356365,0.9351069628014715,0.9719576532238077,0.9531762704213614,0.9522548498380757
xgboost,15.5931236743927,1.7298533916473389,"{'learning_rate': 0.05, 'max_depth': 8, 'n_estimators': 1000}",0.9682227769221237,0.9454625075793304,0.9937683673830684,0.9690137927462928,0.9682232291525171
mlp,21.278024911880493,5.34093713760376,"{'input_dim': 10, 'H': 60, 'activation': 'relu', 'dropout_probability': 0.2, 'num_epochs': 75, 'num_layers': 10}",0.910439570166587,0.895820528580209,0.9289027369613709,0.91206174277321,0.9104398970177199
lightGBM,1.5527229309082031,0.32648587226867676,"{'bagging_fraction': 0.95, 'bagging_freq': 1, 'feature_fraction': 0.95, 'learning_rate': 0.2, 'max_bin': 300, 'max_depth': 6, 'min_gain_to_split': 0, 'num_leaves': 20}",0.9655141891054579,0.9420070600100857,0.9921042382183196,0.9664068427950611,0.9655146598257722
rf,15.373459815979004,0.5035326480865479,"{'max_depth': 20, 'min_samples_leaf': 5, 'n_jobs': -1}",0.9663108325809479,0.9424808493482059,0.9932372623304889,0.9671936145637595,0.9663113092561665
