Model,Time taken,Prediction Time,Optimal Parameters,Accuracy,Precision,Recall,F1,ROC-AUC
tabnet,1361.5135428905487,3.285607099533081,"{'gamma': 1.0, 'lambda_sparse': 0, 'momentum': 0.4, 'n_steps': 8, 'optimizer_params': {'lr': 0.025}, 'verbose': 0}",0.9783667038433622,0.976476811849762,0.9803491130545622,0.978409131064702,0.9783667389377044
svm,618.8085143566132,40.800891160964966,"{'C': 1000, 'gamma': 1}",0.9763131339954326,0.9840247544345698,0.9683461388662677,0.976122492683275,0.976312992956714
xgboost,15.508757591247559,1.5666284561157227,"{'learning_rate': 0.05, 'max_depth': 8, 'n_estimators': 1000}",0.994228760599784,0.994473768110808,0.9939808094041002,0.994227227652642,0.994228756210335
mlp,23.764978408813477,4.0854456424713135,"{'input_dim': 10, 'H': 60, 'activation': 'relu', 'dropout_probability': 0.2, 'num_epochs': 75, 'num_layers': 10}",0.9282489776408731,0.9758438901565819,0.8782353149452962,0.924470285682339,0.9282480922552568
lightGBM,1.5389723777770996,0.33737945556640625,"{'bagging_fraction': 0.95, 'bagging_freq': 1, 'feature_fraction': 0.95, 'learning_rate': 0.2, 'max_bin': 300, 'max_depth': 6, 'min_gain_to_split': 0, 'num_leaves': 20}",0.9908828580027262,0.9893752206141899,0.9924229012498672,0.9908967175154226,0.9908828852659192
rf,25.126644611358643,0.9120428562164307,"{'max_depth': 20, 'min_samples_leaf': 5, 'n_jobs': -1}",0.991413953653053,0.9895590828924162,0.9933080763374995,0.9914300355167601,0.9914139871844699
